{
  "config": {
    "layer_sizes": [
      4,
      4,
      4
    ],
    "fanin": 2,
    "delay": {
      "src_lo": 0.0,
      "src_hi": 1.0,
      "edge_lo": 0.0,
      "edge_hi": 0.25,
      "node_lo": 0.0,
      "node_hi": 0.25
    },
    "n_total": 40000,
    "n_sample": 8000,
    "q": 2,
    "m": 16,
    "rank": 8,
    "budget": 120000,
    "rmax": 40,
    "lr": 0.002,
    "steps": 1000,
    "batch_sz": 512,
    "init_noise": 0.01,
    "train_noise": 0.001,
    "log_every": 250,
    "early_stop_patience": 8,
    "mi_threshold": 0.02,
    "seed": 0,
    "include_ttde": true,
    "ttde_rank": 20,
    "ttde_steps": 2000,
    "ttde_em_steps": 50,
    "ttde_patience": 8,
    "ttde_grid": 200,
    "ttde_n_sample": 8000,
    "monitor_val_sz": 4000
  },
  "results": [
    {
      "model": "layered_TTNS",
      "learned_params": 4672,
      "blocks_per_layer": [
        [
          [
            0
          ],
          [
            1
          ],
          [
            2
          ],
          [
            3
          ]
        ],
        [
          [
            4,
            5,
            6,
            7
          ]
        ],
        [
          [
            8,
            9,
            10,
            11
          ]
        ]
      ],
      "params_per_layer": [
        64,
        2304,
        2304
      ],
      "joint_loglik": 7.231266897591669,
      "nonpos_rate": 0.0,
      "w1_marg": 0.005256036225064812,
      "corr_fro": 0.12799111512698097
    },
    {
      "model": "global_TT",
      "rank": 27,
      "learned_params": 117504,
      "joint_loglik": -1.154429087325188,
      "nonpos_rate": 0.072,
      "w1_marg": 0.03516873986252867,
      "corr_fro": 4.296082270537933
    },
    {
      "model": "global_TTNS",
      "rank": 8,
      "learned_params": 79488,
      "joint_loglik": 3.4214908335360428,
      "nonpos_rate": 0.029833333333333333,
      "w1_marg": 0.03081894031927993,
      "corr_fro": 2.5799639025981573
    },
    {
      "model": "ttde_TT_mle",
      "learned_params": 64640,
      "joint_loglik": 5.629721892636031,
      "nonpos_rate": 0.0,
      "w1_marg": 0.006383510577683839,
      "corr_fro": 1.0429200273578405
    }
  ]
}