{
  "config": {
    "layer_sizes": [
      4,
      4,
      4
    ],
    "fanin": 2,
    "target_layer": 2,
    "delay": {
      "src_lo": 0.0,
      "src_hi": 1.0,
      "edge_lo": 0.0,
      "edge_hi": 0.25,
      "node_lo": 0.0,
      "node_hi": 0.25
    },
    "n": 15000,
    "q": 2,
    "m": 16,
    "rank": 8,
    "lr": 0.002,
    "steps": 800,
    "batch_sz": 512,
    "init_noise": 0.01,
    "train_noise": 0.001,
    "log_every": 400,
    "early_stop_patience": 6,
    "grid_size": 400,
    "q_grid": 400,
    "n_s": 160,
    "n_s_pair": 100,
    "seed": 0
  },
  "results": [
    {
      "model": "A_sampling",
      "mean_abs_err": 0.0036460709961978477,
      "std_abs_err": 0.009261201090781095,
      "corr_fro": 0.11024299379471196
    },
    {
      "model": "B_cdf_analytic",
      "mean_abs_err": 0.003239266976620303,
      "std_abs_err": 0.009588907173192766,
      "corr_fro": 0.04630511771222876
    }
  ],
  "info": {
    "upper_neg_mass_frac": 0.005096780627764483,
    "upper_fit_val_l2": -2.6346695286333883,
    "target_layer": 2,
    "gt_avg_abs_corr": 0.4160132571953617
  }
}