{
  "config": {
    "n_layers": 3,
    "clusters": [
      3,
      3
    ],
    "fanin": 2,
    "delay": {
      "src_lo": 0.0,
      "src_hi": 1.0,
      "edge_lo": 0.0,
      "edge_hi": 0.3,
      "node_lo": 0.0,
      "node_hi": 0.3
    },
    "n_total": 20000,
    "n_sample": 4000,
    "q": 2,
    "m": 24,
    "rank": 8,
    "budget": 120000,
    "rmax": 40,
    "src_sigma": 0.03,
    "lr": 0.002,
    "steps": 800,
    "batch_sz": 512,
    "init_noise": 0.01,
    "train_noise": 0.001,
    "log_every": 250,
    "early_stop_patience": 8,
    "mi_threshold": 0.02,
    "seed": 0,
    "n_s": 100,
    "n_s_pair": 80,
    "an_lr": 0.003,
    "an_steps": 800,
    "ttde_rank": 16,
    "ttde_steps": 1200,
    "ttde_em_steps": 15,
    "ttde_patience": 8,
    "ttde_grid": 200,
    "monitor_val_sz": 2000,
    "ttde_n_train": 10000,
    "ttde_init_noise": 0.03,
    "ttde_grad_clip": 10.0
  },
  "sanity": 9.792255895035851e-11,
  "timings": {
    "forest0": 30.6694745,
    "A_chain": 20.564664791,
    "analytic_chain": 12.222997958,
    "global_TT": 45.756089833999994,
    "global_TTNS": 31.537646832999997,
    "global_TTDE": 72.457155833
  },
  "params": {
    "global_TT": 111792,
    "global_TTNS": 53856,
    "global_TTDE": 99072
  },
  "full_joint": {
    "layered_joint": {
      "ll": 14.994816783424286,
      "corr_fro": 0.4138896889507455,
      "w1_marg": 0.007093689591981649
    },
    "global_TT": {
      "ll": 2.489093904866567,
      "corr_fro": 5.417145725059029,
      "w1_marg": 0.03445139859136399
    },
    "global_TTNS": {
      "ll": 9.28578221609648,
      "corr_fro": 2.8901081783255904,
      "w1_marg": 0.019957578029929982
    },
    "global_TTDE": {
      "ll": 12.945116911789102,
      "corr_fro": 1.5210072010552256,
      "w1_marg": 0.00658768789754288
    }
  },
  "rows": [
    {
      "li": 0,
      "K": 6,
      "pair": [
        2,
        4
      ],
      "corr_t": -0.021596986252363358,
      "csk_t": -0.013830283939701735,
      "ll": {
        "analytic_chain": 6.221579485132172,
        "A_chain": 6.221579485132172,
        "global_TT": 2.4394866706929523,
        "global_TTNS": 5.423068591855035,
        "global_TTDE": 6.441591053040957
      },
      "npos_analytic": 0.007833333333333333,
      "fro": {
        "analytic_chain": 0.1395945664995202,
        "A_chain": 0.10773308450140623,
        "global_TT": 0.2130975761411418,
        "global_TTNS": 0.1409856566173578,
        "global_TTDE": 0.1129224583990611
      },
      "corr_m": {
        "analytic_chain": 0.02295384480843075,
        "A_chain": 0.015501620792592475,
        "global_TT": 0.013596711085692286,
        "global_TTNS": 0.016393527306915134,
        "global_TTDE": -0.027671249175191304
      },
      "csk_m": {
        "analytic_chain": 0.014976073499133252,
        "A_chain": 0.011572096677983201,
        "global_TT": 0.027721896449291322,
        "global_TTNS": 0.007554084411609134,
        "global_TTDE": -0.019876685774341873
      }
    },
    {
      "li": 1,
      "K": 6,
      "pair": [
        3,
        4
      ],
      "corr_t": 0.5815867262239038,
      "csk_t": 0.17990029894257792,
      "ll": {
        "analytic_chain": 1.5475770997849234,
        "A_chain": 1.2727148057153126,
        "global_TT": 0.5020269705188533,
        "global_TTNS": 0.9851696644235711,
        "global_TTDE": 1.5978652450819613
      },
      "npos_analytic": 0.0011666666666666668,
      "fro": {
        "analytic_chain": 0.2911503314049269,
        "A_chain": 0.29266763563318543,
        "global_TT": 1.2172801086802405,
        "global_TTNS": 0.6408559992033843,
        "global_TTDE": 0.16055804425687167
      },
      "corr_m": {
        "analytic_chain": 0.5541090508375976,
        "A_chain": 0.5063708398720839,
        "global_TT": 0.048816029856850594,
        "global_TTNS": 0.393177721072671,
        "global_TTDE": 0.570307304261262
      },
      "csk_m": {
        "analytic_chain": 0.1590371270010566,
        "A_chain": 0.1687814555269679,
        "global_TT": 0.003031347066267952,
        "global_TTNS": 0.20945229220107428,
        "global_TTDE": 0.1284512926414917
      }
    },
    {
      "li": 2,
      "K": 6,
      "pair": [
        1,
        2
      ],
      "corr_t": 0.7135370699685669,
      "csk_t": -0.05606123959306626,
      "ll": {
        "analytic_chain": 1.280159393060758,
        "A_chain": 0.4246061703669002,
        "global_TT": -0.6188939130356756,
        "global_TTNS": 0.8041709289322635,
        "global_TTDE": 1.3555930597900494
      },
      "npos_analytic": 0.0005,
      "fro": {
        "analytic_chain": 0.5053461061161773,
        "A_chain": 0.4759121411349906,
        "global_TT": 1.7817388483042982,
        "global_TTNS": 1.0741881758442853,
        "global_TTDE": 0.13385427197744293
      },
      "corr_m": {
        "analytic_chain": 0.7123958242939069,
        "A_chain": 0.5992373179686309,
        "global_TT": 0.17920297638071217,
        "global_TTNS": 0.32295187396683706,
        "global_TTDE": 0.6920468755715462
      },
      "csk_m": {
        "analytic_chain": -0.00781362259021913,
        "A_chain": 0.0028612038148658177,
        "global_TT": -0.004508298261098313,
        "global_TTNS": -0.13974848759261538,
        "global_TTDE": -0.05079169616075299
      }
    }
  ]
}